"Month_Num","Date","YEAR","Month","Precipitation"
1,1901-01-01,1901,"JAN",90.1
2,1901-02-01,1901,"FEB",102.2
3,1901-03-01,1901,"MAR",150.7
4,1901-04-01,1901,"APR",209.3
5,1901-05-01,1901,"MAY",278.1
6,1901-06-01,1901,"JUN",255.6
7,1901-07-01,1901,"JUL",311.9
8,1901-08-01,1901,"AUG",328.7
9,1901-09-01,1901,"SEP",229.7
10,1901-10-01,1901,"OCT",287.9
11,1901-11-01,1901,"NOV",235.5
12,1901-12-01,1901,"DEC",127.9
1,1902-01-01,1902,"JAN",137.7
2,1902-02-01,1902,"FEB",96.9
3,1902-03-01,1902,"MAR",188.2
4,1902-04-01,1902,"APR",230.3
5,1902-05-01,1902,"MAY",261.2
6,1902-06-01,1902,"JUN",253.5
7,1902-07-01,1902,"JUL",226.9
8,1902-08-01,1902,"AUG",225.7
9,1902-09-01,1902,"SEP",225
10,1902-10-01,1902,"OCT",233.2
11,1902-11-01,1902,"NOV",197.8
12,1902-12-01,1902,"DEC",119.1
1,1903-01-01,1903,"JAN",99.7
2,1903-02-01,1903,"FEB",98.3
3,1903-03-01,1903,"MAR",136.2
4,1903-04-01,1903,"APR",230.2
5,1903-05-01,1903,"MAY",277.9
6,1903-06-01,1903,"JUN",336.1
7,1903-07-01,1903,"JUL",225.5
8,1903-08-01,1903,"AUG",316.4
9,1903-09-01,1903,"SEP",223.1
10,1903-10-01,1903,"OCT",225.6
11,1903-11-01,1903,"NOV",214.8
12,1903-12-01,1903,"DEC",148.2
1,1904-01-01,1904,"JAN",111
2,1904-02-01,1904,"FEB",112.5
3,1904-03-01,1904,"MAR",188.7
4,1904-04-01,1904,"APR",270.6
5,1904-05-01,1904,"MAY",304
6,1904-06-01,1904,"JUN",250.3
7,1904-07-01,1904,"JUL",263.9
8,1904-08-01,1904,"AUG",228.5
9,1904-09-01,1904,"SEP",219.1
10,1904-10-01,1904,"OCT",261.9
11,1904-11-01,1904,"NOV",169.1
12,1904-12-01,1904,"DEC",114.4
1,1905-01-01,1905,"JAN",111.7
2,1905-02-01,1905,"FEB",87.7
3,1905-03-01,1905,"MAR",141.7
4,1905-04-01,1905,"APR",239.1
5,1905-05-01,1905,"MAY",285.6
6,1905-06-01,1905,"JUN",272.8
7,1905-07-01,1905,"JUL",248.4
8,1905-08-01,1905,"AUG",211.4
9,1905-09-01,1905,"SEP",273
10,1905-10-01,1905,"OCT",257.1
11,1905-11-01,1905,"NOV",230.7
12,1905-12-01,1905,"DEC",163.4
1,1906-01-01,1906,"JAN",90
2,1906-02-01,1906,"FEB",108.1
3,1906-03-01,1906,"MAR",146.9
4,1906-04-01,1906,"APR",271.4
5,1906-05-01,1906,"MAY",297.3
6,1906-06-01,1906,"JUN",309.2
7,1906-07-01,1906,"JUL",286.7
8,1906-08-01,1906,"AUG",238.4
9,1906-09-01,1906,"SEP",195.2
10,1906-10-01,1906,"OCT",252
11,1906-11-01,1906,"NOV",192.1
12,1906-12-01,1906,"DEC",130.3
1,1907-01-01,1907,"JAN",100.1
2,1907-02-01,1907,"FEB",124
3,1907-03-01,1907,"MAR",213.6
4,1907-04-01,1907,"APR",274.4
5,1907-05-01,1907,"MAY",284.7
6,1907-06-01,1907,"JUN",294.4
7,1907-07-01,1907,"JUL",316.5
8,1907-08-01,1907,"AUG",238.2
9,1907-09-01,1907,"SEP",248
10,1907-10-01,1907,"OCT",246.4
11,1907-11-01,1907,"NOV",191.1
12,1907-12-01,1907,"DEC",131.8
1,1908-01-01,1908,"JAN",122.4
2,1908-02-01,1908,"FEB",103.2
3,1908-03-01,1908,"MAR",175.3
4,1908-04-01,1908,"APR",228.8
5,1908-05-01,1908,"MAY",254.1
6,1908-06-01,1908,"JUN",257.8
7,1908-07-01,1908,"JUL",278.3
8,1908-08-01,1908,"AUG",263.9
9,1908-09-01,1908,"SEP",255.5
10,1908-10-01,1908,"OCT",316.3
11,1908-11-01,1908,"NOV",203.6
12,1908-12-01,1908,"DEC",156.2
1,1909-01-01,1909,"JAN",102.8
2,1909-02-01,1909,"FEB",135
3,1909-03-01,1909,"MAR",125.9
4,1909-04-01,1909,"APR",241.2
5,1909-05-01,1909,"MAY",321.1
6,1909-06-01,1909,"JUN",303.1
7,1909-07-01,1909,"JUL",346.9
8,1909-08-01,1909,"AUG",265.4
9,1909-09-01,1909,"SEP",223.6
10,1909-10-01,1909,"OCT",246.2
11,1909-11-01,1909,"NOV",189.4
12,1909-12-01,1909,"DEC",124.8
1,1910-01-01,1910,"JAN",136.4
2,1910-02-01,1910,"FEB",105.2
3,1910-03-01,1910,"MAR",213.7
4,1910-04-01,1910,"APR",223.5
5,1910-05-01,1910,"MAY",374.2
6,1910-06-01,1910,"JUN",313.7
7,1910-07-01,1910,"JUL",267.3
8,1910-08-01,1910,"AUG",231.2
9,1910-09-01,1910,"SEP",250.4
10,1910-10-01,1910,"OCT",293.7
11,1910-11-01,1910,"NOV",184.5
12,1910-12-01,1910,"DEC",154.5
1,1911-01-01,1911,"JAN",100.6
2,1911-02-01,1911,"FEB",127.4
3,1911-03-01,1911,"MAR",157.9
4,1911-04-01,1911,"APR",271.2
5,1911-05-01,1911,"MAY",291
6,1911-06-01,1911,"JUN",299.3
7,1911-07-01,1911,"JUL",274.6
8,1911-08-01,1911,"AUG",212.2
9,1911-09-01,1911,"SEP",190.3
10,1911-10-01,1911,"OCT",240.1
11,1911-11-01,1911,"NOV",201.6
12,1911-12-01,1911,"DEC",127.3
1,1912-01-01,1912,"JAN",102.3
2,1912-02-01,1912,"FEB",100.9
3,1912-03-01,1912,"MAR",141.4
4,1912-04-01,1912,"APR",227.2
5,1912-05-01,1912,"MAY",265.4
6,1912-06-01,1912,"JUN",261.9
7,1912-07-01,1912,"JUL",291.7
8,1912-08-01,1912,"AUG",339
9,1912-09-01,1912,"SEP",232.6
10,1912-10-01,1912,"OCT",267.7
11,1912-11-01,1912,"NOV",226.4
12,1912-12-01,1912,"DEC",152.5
1,1913-01-01,1913,"JAN",94.7
2,1913-02-01,1913,"FEB",97.2
3,1913-03-01,1913,"MAR",153.8
4,1913-04-01,1913,"APR",288.1
5,1913-05-01,1913,"MAY",299.7
6,1913-06-01,1913,"JUN",277
7,1913-07-01,1913,"JUL",240.7
8,1913-08-01,1913,"AUG",219.3
9,1913-09-01,1913,"SEP",346.8
10,1913-10-01,1913,"OCT",268.6
11,1913-11-01,1913,"NOV",218.6
12,1913-12-01,1913,"DEC",140.8
1,1914-01-01,1914,"JAN",96.1
2,1914-02-01,1914,"FEB",95.6
3,1914-03-01,1914,"MAR",127.9
4,1914-04-01,1914,"APR",268.5
5,1914-05-01,1914,"MAY",242
6,1914-06-01,1914,"JUN",253.7
7,1914-07-01,1914,"JUL",240
8,1914-08-01,1914,"AUG",236
9,1914-09-01,1914,"SEP",198.4
10,1914-10-01,1914,"OCT",269.1
11,1914-11-01,1914,"NOV",232.9
12,1914-12-01,1914,"DEC",148.4
1,1915-01-01,1915,"JAN",108.5
2,1915-02-01,1915,"FEB",125.6
3,1915-03-01,1915,"MAR",128.3
4,1915-04-01,1915,"APR",248.1
5,1915-05-01,1915,"MAY",303.6
6,1915-06-01,1915,"JUN",325.6
7,1915-07-01,1915,"JUL",300.5
8,1915-08-01,1915,"AUG",339.3
9,1915-09-01,1915,"SEP",218.2
10,1915-10-01,1915,"OCT",271.9
11,1915-11-01,1915,"NOV",193.2
12,1915-12-01,1915,"DEC",124
1,1916-01-01,1916,"JAN",107
2,1916-02-01,1916,"FEB",101.5
3,1916-03-01,1916,"MAR",178.1
4,1916-04-01,1916,"APR",247.6
5,1916-05-01,1916,"MAY",243.5
6,1916-06-01,1916,"JUN",349.3
7,1916-07-01,1916,"JUL",285.8
8,1916-08-01,1916,"AUG",265.4
9,1916-09-01,1916,"SEP",217.7
10,1916-10-01,1916,"OCT",276
11,1916-11-01,1916,"NOV",198.6
12,1916-12-01,1916,"DEC",130.4
1,1917-01-01,1917,"JAN",127.8
2,1917-02-01,1917,"FEB",108.7
3,1917-03-01,1917,"MAR",168.8
4,1917-04-01,1917,"APR",284.9
5,1917-05-01,1917,"MAY",363
6,1917-06-01,1917,"JUN",296
7,1917-07-01,1917,"JUL",306.2
8,1917-08-01,1917,"AUG",311.9
9,1917-09-01,1917,"SEP",227.8
10,1917-10-01,1917,"OCT",229.4
11,1917-11-01,1917,"NOV",222.9
12,1917-12-01,1917,"DEC",143.5
1,1918-01-01,1918,"JAN",107.1
2,1918-02-01,1918,"FEB",106.2
3,1918-03-01,1918,"MAR",167.3
4,1918-04-01,1918,"APR",287.4
5,1918-05-01,1918,"MAY",306.5
6,1918-06-01,1918,"JUN",259.8
7,1918-07-01,1918,"JUL",257.4
8,1918-08-01,1918,"AUG",202.8
9,1918-09-01,1918,"SEP",210.6
10,1918-10-01,1918,"OCT",263.4
11,1918-11-01,1918,"NOV",245.4
12,1918-12-01,1918,"DEC",109.3
1,1919-01-01,1919,"JAN",110.4
2,1919-02-01,1919,"FEB",92.9
3,1919-03-01,1919,"MAR",139.5
4,1919-04-01,1919,"APR",239.2
5,1919-05-01,1919,"MAY",274.8
6,1919-06-01,1919,"JUN",274
7,1919-07-01,1919,"JUL",303.9
8,1919-08-01,1919,"AUG",260
9,1919-09-01,1919,"SEP",276.7
10,1919-10-01,1919,"OCT",213.5
11,1919-11-01,1919,"NOV",198.2
12,1919-12-01,1919,"DEC",145.7
1,1920-01-01,1920,"JAN",91.1
2,1920-02-01,1920,"FEB",108.6
3,1920-03-01,1920,"MAR",145
4,1920-04-01,1920,"APR",205
5,1920-05-01,1920,"MAY",350.7
6,1920-06-01,1920,"JUN",275.2
7,1920-07-01,1920,"JUL",354.3
8,1920-08-01,1920,"AUG",237.2
9,1920-09-01,1920,"SEP",253.2
10,1920-10-01,1920,"OCT",297.3
11,1920-11-01,1920,"NOV",160.2
12,1920-12-01,1920,"DEC",130.6
1,1921-01-01,1921,"JAN",123.2
2,1921-02-01,1921,"FEB",119.8
3,1921-03-01,1921,"MAR",233.7
4,1921-04-01,1921,"APR",254.6
5,1921-05-01,1921,"MAY",361.5
6,1921-06-01,1921,"JUN",302.5
7,1921-07-01,1921,"JUL",325
8,1921-08-01,1921,"AUG",228.3
9,1921-09-01,1921,"SEP",261.2
10,1921-10-01,1921,"OCT",294.9
11,1921-11-01,1921,"NOV",176.6
12,1921-12-01,1921,"DEC",158.5
1,1922-01-01,1922,"JAN",89
2,1922-02-01,1922,"FEB",120.6
3,1922-03-01,1922,"MAR",222.1
4,1922-04-01,1922,"APR",205.6
5,1922-05-01,1922,"MAY",292.5
6,1922-06-01,1922,"JUN",373.5
7,1922-07-01,1922,"JUL",252.4
8,1922-08-01,1922,"AUG",211.3
9,1922-09-01,1922,"SEP",217.8
10,1922-10-01,1922,"OCT",240.6
11,1922-11-01,1922,"NOV",204.3
12,1922-12-01,1922,"DEC",152.1
1,1923-01-01,1923,"JAN",83.6
2,1923-02-01,1923,"FEB",87.5
3,1923-03-01,1923,"MAR",149.5
4,1923-04-01,1923,"APR",212.8
5,1923-05-01,1923,"MAY",282.3
6,1923-06-01,1923,"JUN",269.6
7,1923-07-01,1923,"JUL",272
8,1923-08-01,1923,"AUG",254.9
9,1923-09-01,1923,"SEP",188.1
10,1923-10-01,1923,"OCT",231.3
11,1923-11-01,1923,"NOV",163.6
12,1923-12-01,1923,"DEC",140.1
1,1924-01-01,1924,"JAN",82.8
2,1924-02-01,1924,"FEB",79.6
3,1924-03-01,1924,"MAR",138.3
4,1924-04-01,1924,"APR",195.2
5,1924-05-01,1924,"MAY",262.8
6,1924-06-01,1924,"JUN",307.6
7,1924-07-01,1924,"JUL",310.3
8,1924-08-01,1924,"AUG",217.7
9,1924-09-01,1924,"SEP",241.4
10,1924-10-01,1924,"OCT",272.6
11,1924-11-01,1924,"NOV",266.3
12,1924-12-01,1924,"DEC",155.2
1,1925-01-01,1925,"JAN",102
2,1925-02-01,1925,"FEB",121.7
3,1925-03-01,1925,"MAR",205.9
4,1925-04-01,1925,"APR",299.6
5,1925-05-01,1925,"MAY",248.5
6,1925-06-01,1925,"JUN",267.3
7,1925-07-01,1925,"JUL",295.5
8,1925-08-01,1925,"AUG",262.4
9,1925-09-01,1925,"SEP",255.6
10,1925-10-01,1925,"OCT",202.4
11,1925-11-01,1925,"NOV",200.2
12,1925-12-01,1925,"DEC",112
1,1926-01-01,1926,"JAN",74.3
2,1926-02-01,1926,"FEB",85.6
3,1926-03-01,1926,"MAR",129.5
4,1926-04-01,1926,"APR",171.2
5,1926-05-01,1926,"MAY",262.6
6,1926-06-01,1926,"JUN",336.8
7,1926-07-01,1926,"JUL",275.5
8,1926-08-01,1926,"AUG",266.3
9,1926-09-01,1926,"SEP",210.7
10,1926-10-01,1926,"OCT",283.6
11,1926-11-01,1926,"NOV",206.4
12,1926-12-01,1926,"DEC",155.1
1,1927-01-01,1927,"JAN",124.4
2,1927-02-01,1927,"FEB",114.8
3,1927-03-01,1927,"MAR",167
4,1927-04-01,1927,"APR",241
5,1927-05-01,1927,"MAY",317.6
6,1927-06-01,1927,"JUN",300
7,1927-07-01,1927,"JUL",321.2
8,1927-08-01,1927,"AUG",262.3
9,1927-09-01,1927,"SEP",268.1
10,1927-10-01,1927,"OCT",241
11,1927-11-01,1927,"NOV",212
12,1927-12-01,1927,"DEC",127.7
1,1928-01-01,1928,"JAN",103.4
2,1928-02-01,1928,"FEB",118.3
3,1928-03-01,1928,"MAR",173.8
4,1928-04-01,1928,"APR",236
5,1928-05-01,1928,"MAY",307.6
6,1928-06-01,1928,"JUN",301.8
7,1928-07-01,1928,"JUL",311.9
8,1928-08-01,1928,"AUG",244.8
9,1928-09-01,1928,"SEP",241.4
10,1928-10-01,1928,"OCT",221.7
11,1928-11-01,1928,"NOV",256.5
12,1928-12-01,1928,"DEC",162.5
1,1929-01-01,1929,"JAN",83.4
2,1929-02-01,1929,"FEB",74.9
3,1929-03-01,1929,"MAR",171.5
4,1929-04-01,1929,"APR",258.3
5,1929-05-01,1929,"MAY",328.1
6,1929-06-01,1929,"JUN",288.8
7,1929-07-01,1929,"JUL",281.3
8,1929-08-01,1929,"AUG",205.9
9,1929-09-01,1929,"SEP",227.7
10,1929-10-01,1929,"OCT",237
11,1929-11-01,1929,"NOV",173.2
12,1929-12-01,1929,"DEC",106
1,1930-01-01,1930,"JAN",113.9
2,1930-02-01,1930,"FEB",107.3
3,1930-03-01,1930,"MAR",151.7
4,1930-04-01,1930,"APR",235.1
5,1930-05-01,1930,"MAY",233.6
6,1930-06-01,1930,"JUN",326.4
7,1930-07-01,1930,"JUL",274.5
8,1930-08-01,1930,"AUG",214.5
9,1930-09-01,1930,"SEP",190.7
10,1930-10-01,1930,"OCT",266.2
11,1930-11-01,1930,"NOV",165.9
12,1930-12-01,1930,"DEC",109.3
1,1931-01-01,1931,"JAN",92.3
2,1931-02-01,1931,"FEB",95.9
3,1931-03-01,1931,"MAR",141.6
4,1931-04-01,1931,"APR",212.4
5,1931-05-01,1931,"MAY",301.7
6,1931-06-01,1931,"JUN",334.3
7,1931-07-01,1931,"JUL",340.5
8,1931-08-01,1931,"AUG",210.1
9,1931-09-01,1931,"SEP",242.1
10,1931-10-01,1931,"OCT",254.7
11,1931-11-01,1931,"NOV",225.7
12,1931-12-01,1931,"DEC",148.8
1,1932-01-01,1932,"JAN",131.2
2,1932-02-01,1932,"FEB",116.4
3,1932-03-01,1932,"MAR",121.7
4,1932-04-01,1932,"APR",204.5
5,1932-05-01,1932,"MAY",276.3
6,1932-06-01,1932,"JUN",277.2
7,1932-07-01,1932,"JUL",275.6
8,1932-08-01,1932,"AUG",248.8
9,1932-09-01,1932,"SEP",241.3
10,1932-10-01,1932,"OCT",266.8
11,1932-11-01,1932,"NOV",211.8
12,1932-12-01,1932,"DEC",152.2
1,1933-01-01,1933,"JAN",117.1
2,1933-02-01,1933,"FEB",70.3
3,1933-03-01,1933,"MAR",176.2
4,1933-04-01,1933,"APR",248.2
5,1933-05-01,1933,"MAY",326.1
6,1933-06-01,1933,"JUN",297
7,1933-07-01,1933,"JUL",237.7
8,1933-08-01,1933,"AUG",262.7
9,1933-09-01,1933,"SEP",223.7
10,1933-10-01,1933,"OCT",230
11,1933-11-01,1933,"NOV",249.4
12,1933-12-01,1933,"DEC",190.8
1,1934-01-01,1934,"JAN",105.3
2,1934-02-01,1934,"FEB",122.7
3,1934-03-01,1934,"MAR",140.8
4,1934-04-01,1934,"APR",177.6
5,1934-05-01,1934,"MAY",308.6
6,1934-06-01,1934,"JUN",294.8
7,1934-07-01,1934,"JUL",321.9
8,1934-08-01,1934,"AUG",222.3
9,1934-09-01,1934,"SEP",214.8
10,1934-10-01,1934,"OCT",291.6
11,1934-11-01,1934,"NOV",239.1
12,1934-12-01,1934,"DEC",132.4
1,1935-01-01,1935,"JAN",119.9
2,1935-02-01,1935,"FEB",119
3,1935-03-01,1935,"MAR",178.4
4,1935-04-01,1935,"APR",224.9
5,1935-05-01,1935,"MAY",297
6,1935-06-01,1935,"JUN",300.3
7,1935-07-01,1935,"JUL",316.3
8,1935-08-01,1935,"AUG",289
9,1935-09-01,1935,"SEP",232.2
10,1935-10-01,1935,"OCT",244.4
11,1935-11-01,1935,"NOV",284.1
12,1935-12-01,1935,"DEC",99.2
1,1936-01-01,1936,"JAN",85.3
2,1936-02-01,1936,"FEB",80.5
3,1936-03-01,1936,"MAR",171.9
4,1936-04-01,1936,"APR",191.8
5,1936-05-01,1936,"MAY",305.7
6,1936-06-01,1936,"JUN",316.5
7,1936-07-01,1936,"JUL",270
8,1936-08-01,1936,"AUG",210.4
9,1936-09-01,1936,"SEP",201.1
10,1936-10-01,1936,"OCT",266.2
11,1936-11-01,1936,"NOV",163.6
12,1936-12-01,1936,"DEC",153.4
1,1937-01-01,1937,"JAN",149.8
2,1937-02-01,1937,"FEB",104.1
3,1937-03-01,1937,"MAR",183.7
4,1937-04-01,1937,"APR",193.2
5,1937-05-01,1937,"MAY",292.7
6,1937-06-01,1937,"JUN",262
7,1937-07-01,1937,"JUL",262
8,1937-08-01,1937,"AUG",236
9,1937-09-01,1937,"SEP",281
10,1937-10-01,1937,"OCT",225.8
11,1937-11-01,1937,"NOV",212.2
12,1937-12-01,1937,"DEC",199
1,1938-01-01,1938,"JAN",139.8
2,1938-02-01,1938,"FEB",118.2
3,1938-03-01,1938,"MAR",177.8
4,1938-04-01,1938,"APR",333.8
5,1938-05-01,1938,"MAY",338.8
6,1938-06-01,1938,"JUN",275.3
7,1938-07-01,1938,"JUL",300.3
8,1938-08-01,1938,"AUG",287.6
9,1938-09-01,1938,"SEP",188.4
10,1938-10-01,1938,"OCT",278.8
11,1938-11-01,1938,"NOV",249.5
12,1938-12-01,1938,"DEC",183.6
1,1939-01-01,1939,"JAN",87.8
2,1939-02-01,1939,"FEB",71.6
3,1939-03-01,1939,"MAR",151.3
4,1939-04-01,1939,"APR",210.4
5,1939-05-01,1939,"MAY",262.9
6,1939-06-01,1939,"JUN",293.1
7,1939-07-01,1939,"JUL",264
8,1939-08-01,1939,"AUG",219.3
9,1939-09-01,1939,"SEP",214.2
10,1939-10-01,1939,"OCT",273.1
11,1939-11-01,1939,"NOV",194.1
12,1939-12-01,1939,"DEC",133.5
1,1940-01-01,1940,"JAN",106
2,1940-02-01,1940,"FEB",101.1
3,1940-03-01,1940,"MAR",106.6
4,1940-04-01,1940,"APR",194.3
5,1940-05-01,1940,"MAY",260.6
6,1940-06-01,1940,"JUN",270.8
7,1940-07-01,1940,"JUL",217.3
8,1940-08-01,1940,"AUG",211.8
9,1940-09-01,1940,"SEP",242.9
10,1940-10-01,1940,"OCT",260.4
11,1940-11-01,1940,"NOV",257.1
12,1940-12-01,1940,"DEC",137.8
1,1941-01-01,1941,"JAN",113.4
2,1941-02-01,1941,"FEB",112.5
3,1941-03-01,1941,"MAR",107
4,1941-04-01,1941,"APR",197
5,1941-05-01,1941,"MAY",223.8
6,1941-06-01,1941,"JUN",235.8
7,1941-07-01,1941,"JUL",216.1
8,1941-08-01,1941,"AUG",216.5
9,1941-09-01,1941,"SEP",183.5
10,1941-10-01,1941,"OCT",191.3
11,1941-11-01,1941,"NOV",163.7
12,1941-12-01,1941,"DEC",108.9
1,1942-01-01,1942,"JAN",73.4
2,1942-02-01,1942,"FEB",94.3
3,1942-03-01,1942,"MAR",136.9
4,1942-04-01,1942,"APR",216
5,1942-05-01,1942,"MAY",282.3
6,1942-06-01,1942,"JUN",263.5
7,1942-07-01,1942,"JUL",242
8,1942-08-01,1942,"AUG",217.7
9,1942-09-01,1942,"SEP",207
10,1942-10-01,1942,"OCT",238.7
11,1942-11-01,1942,"NOV",186.2
12,1942-12-01,1942,"DEC",114.2
1,1943-01-01,1943,"JAN",170.6
2,1943-02-01,1943,"FEB",128.6
3,1943-03-01,1943,"MAR",146.7
4,1943-04-01,1943,"APR",247.7
5,1943-05-01,1943,"MAY",267.2
6,1943-06-01,1943,"JUN",303.4
7,1943-07-01,1943,"JUL",241.9
8,1943-08-01,1943,"AUG",294.3
9,1943-09-01,1943,"SEP",158.4
10,1943-10-01,1943,"OCT",277.2
11,1943-11-01,1943,"NOV",204.3
12,1943-12-01,1943,"DEC",127.8
1,1944-01-01,1944,"JAN",91.6
2,1944-02-01,1944,"FEB",95.1
3,1944-03-01,1944,"MAR",140.6
4,1944-04-01,1944,"APR",198
5,1944-05-01,1944,"MAY",324.9
6,1944-06-01,1944,"JUN",340.8
7,1944-07-01,1944,"JUL",212.9
8,1944-08-01,1944,"AUG",223.3
9,1944-09-01,1944,"SEP",212.7
10,1944-10-01,1944,"OCT",255.5
11,1944-11-01,1944,"NOV",179.7
12,1944-12-01,1944,"DEC",123.3
1,1945-01-01,1945,"JAN",90.2
2,1945-02-01,1945,"FEB",78.3
3,1945-03-01,1945,"MAR",120.4
4,1945-04-01,1945,"APR",249.8
5,1945-05-01,1945,"MAY",348.2
6,1945-06-01,1945,"JUN",219.6
7,1945-07-01,1945,"JUL",253.3
8,1945-08-01,1945,"AUG",240
9,1945-09-01,1945,"SEP",184.6
10,1945-10-01,1945,"OCT",246.2
11,1945-11-01,1945,"NOV",240.8
12,1945-12-01,1945,"DEC",186
1,1946-01-01,1946,"JAN",133.6
2,1946-02-01,1946,"FEB",97.8
3,1946-03-01,1946,"MAR",141.4
4,1946-04-01,1946,"APR",239.3
5,1946-05-01,1946,"MAY",269.8
6,1946-06-01,1946,"JUN",216.5
7,1946-07-01,1946,"JUL",229.5
8,1946-08-01,1946,"AUG",216.1
9,1946-09-01,1946,"SEP",177.5
10,1946-10-01,1946,"OCT",242.4
11,1946-11-01,1946,"NOV",201
12,1946-12-01,1946,"DEC",115
1,1947-01-01,1947,"JAN",107.8
2,1947-02-01,1947,"FEB",99.2
3,1947-03-01,1947,"MAR",114.1
4,1947-04-01,1947,"APR",180.6
5,1947-05-01,1947,"MAY",270
6,1947-06-01,1947,"JUN",315.7
7,1947-07-01,1947,"JUL",357
8,1947-08-01,1947,"AUG",232.3
9,1947-09-01,1947,"SEP",262.1
10,1947-10-01,1947,"OCT",326.3
11,1947-11-01,1947,"NOV",159
12,1947-12-01,1947,"DEC",104.8
1,1948-01-01,1948,"JAN",67.9
2,1948-02-01,1948,"FEB",78.8
3,1948-03-01,1948,"MAR",151.3
4,1948-04-01,1948,"APR",283.6
5,1948-05-01,1948,"MAY",272.3
6,1948-06-01,1948,"JUN",250.3
7,1948-07-01,1948,"JUL",238.5
8,1948-08-01,1948,"AUG",203.1
9,1948-09-01,1948,"SEP",245.1
10,1948-10-01,1948,"OCT",206.9
11,1948-11-01,1948,"NOV",176.2
12,1948-12-01,1948,"DEC",115
1,1949-01-01,1949,"JAN",107.3
2,1949-02-01,1949,"FEB",95.1
3,1949-03-01,1949,"MAR",158.5
4,1949-04-01,1949,"APR",214.8
5,1949-05-01,1949,"MAY",287.5
6,1949-06-01,1949,"JUN",322.7
7,1949-07-01,1949,"JUL",308.1
8,1949-08-01,1949,"AUG",273.8
9,1949-09-01,1949,"SEP",234.3
10,1949-10-01,1949,"OCT",272.5
11,1949-11-01,1949,"NOV",172.9
12,1949-12-01,1949,"DEC",102.4
1,1950-01-01,1950,"JAN",124.9
2,1950-02-01,1950,"FEB",165.1
3,1950-03-01,1950,"MAR",173.9
4,1950-04-01,1950,"APR",243.4
5,1950-05-01,1950,"MAY",359.3
6,1950-06-01,1950,"JUN",388.4
7,1950-07-01,1950,"JUL",276.5
8,1950-08-01,1950,"AUG",277.4
9,1950-09-01,1950,"SEP",227.9
10,1950-10-01,1950,"OCT",265.5
11,1950-11-01,1950,"NOV",202.2
12,1950-12-01,1950,"DEC",163.9
1,1951-01-01,1951,"JAN",124.8
2,1951-02-01,1951,"FEB",156.7
3,1951-03-01,1951,"MAR",163.9
4,1951-04-01,1951,"APR",218
5,1951-05-01,1951,"MAY",300.9
6,1951-06-01,1951,"JUN",279.3
7,1951-07-01,1951,"JUL",276.2
8,1951-08-01,1951,"AUG",227.8
9,1951-09-01,1951,"SEP",186.2
10,1951-10-01,1951,"OCT",229.4
11,1951-11-01,1951,"NOV",200.2
12,1951-12-01,1951,"DEC",139.9
1,1952-01-01,1952,"JAN",114.9
2,1952-02-01,1952,"FEB",85.9
3,1952-03-01,1952,"MAR",132.4
4,1952-04-01,1952,"APR",282.9
5,1952-05-01,1952,"MAY",318.6
6,1952-06-01,1952,"JUN",275.8
7,1952-07-01,1952,"JUL",286.9
8,1952-08-01,1952,"AUG",210.3
9,1952-09-01,1952,"SEP",205.2
10,1952-10-01,1952,"OCT",205.9
11,1952-11-01,1952,"NOV",234.2
12,1952-12-01,1952,"DEC",150.6
1,1953-01-01,1953,"JAN",111.6
2,1953-02-01,1953,"FEB",109.7
3,1953-03-01,1953,"MAR",160.6
4,1953-04-01,1953,"APR",217.7
5,1953-05-01,1953,"MAY",307.7
6,1953-06-01,1953,"JUN",280.8
7,1953-07-01,1953,"JUL",209
8,1953-08-01,1953,"AUG",153.6
9,1953-09-01,1953,"SEP",278.7
10,1953-10-01,1953,"OCT",274.6
11,1953-11-01,1953,"NOV",216.2
12,1953-12-01,1953,"DEC",136.8
1,1954-01-01,1954,"JAN",96.4
2,1954-02-01,1954,"FEB",93.4
3,1954-03-01,1954,"MAR",148.2
4,1954-04-01,1954,"APR",232
5,1954-05-01,1954,"MAY",274.5
6,1954-06-01,1954,"JUN",338.1
7,1954-07-01,1954,"JUL",299.6
8,1954-08-01,1954,"AUG",232
9,1954-09-01,1954,"SEP",196.1
10,1954-10-01,1954,"OCT",325.6
11,1954-11-01,1954,"NOV",214.7
12,1954-12-01,1954,"DEC",157.4
1,1955-01-01,1955,"JAN",104.6
2,1955-02-01,1955,"FEB",140.5
3,1955-03-01,1955,"MAR",196.8
4,1955-04-01,1955,"APR",251.7
5,1955-05-01,1955,"MAY",268.3
6,1955-06-01,1955,"JUN",357.2
7,1955-07-01,1955,"JUL",363.4
8,1955-08-01,1955,"AUG",226.2
9,1955-09-01,1955,"SEP",278.5
10,1955-10-01,1955,"OCT",296.7
11,1955-11-01,1955,"NOV",202.9
12,1955-12-01,1955,"DEC",181.4
1,1956-01-01,1956,"JAN",154.2
2,1956-02-01,1956,"FEB",143.6
3,1956-03-01,1956,"MAR",185.5
4,1956-04-01,1956,"APR",199.7
5,1956-05-01,1956,"MAY",297.2
6,1956-06-01,1956,"JUN",322.8
7,1956-07-01,1956,"JUL",266.7
8,1956-08-01,1956,"AUG",227.8
9,1956-09-01,1956,"SEP",246.6
10,1956-10-01,1956,"OCT",323.7
11,1956-11-01,1956,"NOV",179.1
12,1956-12-01,1956,"DEC",176.5
1,1957-01-01,1957,"JAN",77.5
2,1957-02-01,1957,"FEB",98.2
3,1957-03-01,1957,"MAR",155.7
4,1957-04-01,1957,"APR",224.1
5,1957-05-01,1957,"MAY",399
6,1957-06-01,1957,"JUN",237.9
7,1957-07-01,1957,"JUL",210.3
8,1957-08-01,1957,"AUG",195.4
9,1957-09-01,1957,"SEP",194.4
10,1957-10-01,1957,"OCT",248.1
11,1957-11-01,1957,"NOV",165.6
12,1957-12-01,1957,"DEC",106.9
1,1958-01-01,1958,"JAN",87.4
2,1958-02-01,1958,"FEB",76.8
3,1958-03-01,1958,"MAR",122
4,1958-04-01,1958,"APR",218.6
5,1958-05-01,1958,"MAY",276.4
6,1958-06-01,1958,"JUN",236
7,1958-07-01,1958,"JUL",210.6
8,1958-08-01,1958,"AUG",231.9
9,1958-09-01,1958,"SEP",143.2
10,1958-10-01,1958,"OCT",202.6
11,1958-11-01,1958,"NOV",157.1
12,1958-12-01,1958,"DEC",129.8
1,1959-01-01,1959,"JAN",71.2
2,1959-02-01,1959,"FEB",65
3,1959-03-01,1959,"MAR",111.6
4,1959-04-01,1959,"APR",192.2
5,1959-05-01,1959,"MAY",409.1
6,1959-06-01,1959,"JUN",349.1
7,1959-07-01,1959,"JUL",281
8,1959-08-01,1959,"AUG",252.9
9,1959-09-01,1959,"SEP",196.8
10,1959-10-01,1959,"OCT",236
11,1959-11-01,1959,"NOV",193.3
12,1959-12-01,1959,"DEC",140
1,1960-01-01,1960,"JAN",120.4
2,1960-02-01,1960,"FEB",127.8
3,1960-03-01,1960,"MAR",128
4,1960-04-01,1960,"APR",222.9
5,1960-05-01,1960,"MAY",269.1
6,1960-06-01,1960,"JUN",255.4
7,1960-07-01,1960,"JUL",313.9
8,1960-08-01,1960,"AUG",299.8
9,1960-09-01,1960,"SEP",210.9
10,1960-10-01,1960,"OCT",246.7
11,1960-11-01,1960,"NOV",173.8
12,1960-12-01,1960,"DEC",168
1,1961-01-01,1961,"JAN",95
2,1961-02-01,1961,"FEB",65.1
3,1961-03-01,1961,"MAR",173.7
4,1961-04-01,1961,"APR",229.3
5,1961-05-01,1961,"MAY",171.9
6,1961-06-01,1961,"JUN",286.4
7,1961-07-01,1961,"JUL",332.2
8,1961-08-01,1961,"AUG",199.1
9,1961-09-01,1961,"SEP",198.1
10,1961-10-01,1961,"OCT",288.7
11,1961-11-01,1961,"NOV",252.5
12,1961-12-01,1961,"DEC",136.1
1,1962-01-01,1962,"JAN",92.2
2,1962-02-01,1962,"FEB",93.9
3,1962-03-01,1962,"MAR",200.6
4,1962-04-01,1962,"APR",206
5,1962-05-01,1962,"MAY",373.4
6,1962-06-01,1962,"JUN",346.7
7,1962-07-01,1962,"JUL",242.4
8,1962-08-01,1962,"AUG",270.2
9,1962-09-01,1962,"SEP",219.7
10,1962-10-01,1962,"OCT",224.5
11,1962-11-01,1962,"NOV",197.1
12,1962-12-01,1962,"DEC",121
1,1963-01-01,1963,"JAN",93.5
2,1963-02-01,1963,"FEB",153.2
3,1963-03-01,1963,"MAR",157.1
4,1963-04-01,1963,"APR",290.4
5,1963-05-01,1963,"MAY",364.4
6,1963-06-01,1963,"JUN",271.9
7,1963-07-01,1963,"JUL",294.7
8,1963-08-01,1963,"AUG",232.4
9,1963-09-01,1963,"SEP",188.9
10,1963-10-01,1963,"OCT",205.7
11,1963-11-01,1963,"NOV",229
12,1963-12-01,1963,"DEC",110.5
1,1964-01-01,1964,"JAN",55.2
2,1964-02-01,1964,"FEB",96.4
3,1964-03-01,1964,"MAR",98.7
4,1964-04-01,1964,"APR",260.4
5,1964-05-01,1964,"MAY",263.7
6,1964-06-01,1964,"JUN",399.6
7,1964-07-01,1964,"JUL",360.9
8,1964-08-01,1964,"AUG",236.8
9,1964-09-01,1964,"SEP",226.6
10,1964-10-01,1964,"OCT",244.1
11,1964-11-01,1964,"NOV",180.6
12,1964-12-01,1964,"DEC",123.7
1,1965-01-01,1965,"JAN",100.1
2,1965-02-01,1965,"FEB",72.3
3,1965-03-01,1965,"MAR",118.4
4,1965-04-01,1965,"APR",253.4
5,1965-05-01,1965,"MAY",318.8
6,1965-06-01,1965,"JUN",197.3
7,1965-07-01,1965,"JUL",210.5
8,1965-08-01,1965,"AUG",224.5
9,1965-09-01,1965,"SEP",223
10,1965-10-01,1965,"OCT",239.9
11,1965-11-01,1965,"NOV",246.4
12,1965-12-01,1965,"DEC",123.3
1,1966-01-01,1966,"JAN",80.5
2,1966-02-01,1966,"FEB",77.3
3,1966-03-01,1966,"MAR",148.3
4,1966-04-01,1966,"APR",186.8
5,1966-05-01,1966,"MAY",264.7
6,1966-06-01,1966,"JUN",336
7,1966-07-01,1966,"JUL",244.6
8,1966-08-01,1966,"AUG",254.4
9,1966-09-01,1966,"SEP",219.9
10,1966-10-01,1966,"OCT",259.3
11,1966-11-01,1966,"NOV",241.6
12,1966-12-01,1966,"DEC",194.7
1,1967-01-01,1967,"JAN",90.1
2,1967-02-01,1967,"FEB",108.7
3,1967-03-01,1967,"MAR",145.4
4,1967-04-01,1967,"APR",244.1
5,1967-05-01,1967,"MAY",348.1
6,1967-06-01,1967,"JUN",339.2
7,1967-07-01,1967,"JUL",318.3
8,1967-08-01,1967,"AUG",171.5
9,1967-09-01,1967,"SEP",208
10,1967-10-01,1967,"OCT",221.1
11,1967-11-01,1967,"NOV",179.8
12,1967-12-01,1967,"DEC",105.3
1,1968-01-01,1968,"JAN",99.4
2,1968-02-01,1968,"FEB",101
3,1968-03-01,1968,"MAR",129.1
4,1968-04-01,1968,"APR",298.5
5,1968-05-01,1968,"MAY",230.2
6,1968-06-01,1968,"JUN",361.8
7,1968-07-01,1968,"JUL",245.6
8,1968-08-01,1968,"AUG",243.8
9,1968-09-01,1968,"SEP",259.9
10,1968-10-01,1968,"OCT",245.7
11,1968-11-01,1968,"NOV",201.6
12,1968-12-01,1968,"DEC",95.6
1,1969-01-01,1969,"JAN",122
2,1969-02-01,1969,"FEB",111.9
3,1969-03-01,1969,"MAR",124.2
4,1969-04-01,1969,"APR",299.3
5,1969-05-01,1969,"MAY",258.7
6,1969-06-01,1969,"JUN",275.5
7,1969-07-01,1969,"JUL",181.3
8,1969-08-01,1969,"AUG",235
9,1969-09-01,1969,"SEP",241.9
10,1969-10-01,1969,"OCT",331.4
11,1969-11-01,1969,"NOV",202.4
12,1969-12-01,1969,"DEC",117.9
1,1970-01-01,1970,"JAN",127.6
2,1970-02-01,1970,"FEB",134
3,1970-03-01,1970,"MAR",139.4
4,1970-04-01,1970,"APR",232.1
5,1970-05-01,1970,"MAY",323.4
6,1970-06-01,1970,"JUN",284.8
7,1970-07-01,1970,"JUL",297.8
8,1970-08-01,1970,"AUG",250.9
9,1970-09-01,1970,"SEP",252.4
10,1970-10-01,1970,"OCT",280.9
11,1970-11-01,1970,"NOV",230.1
12,1970-12-01,1970,"DEC",143.2
1,1971-01-01,1971,"JAN",214.1
2,1971-02-01,1971,"FEB",174.2
3,1971-03-01,1971,"MAR",258.2
4,1971-04-01,1971,"APR",217.9
5,1971-05-01,1971,"MAY",367.9
6,1971-06-01,1971,"JUN",282.9
7,1971-07-01,1971,"JUL",257.9
8,1971-08-01,1971,"AUG",272.4
9,1971-09-01,1971,"SEP",238.5
10,1971-10-01,1971,"OCT",224.5
11,1971-11-01,1971,"NOV",196.8
12,1971-12-01,1971,"DEC",120
1,1972-01-01,1972,"JAN",172.7
2,1972-02-01,1972,"FEB",108.5
3,1972-03-01,1972,"MAR",193.7
4,1972-04-01,1972,"APR",281.3
5,1972-05-01,1972,"MAY",297
6,1972-06-01,1972,"JUN",290.8
7,1972-07-01,1972,"JUL",234.4
8,1972-08-01,1972,"AUG",255.5
9,1972-09-01,1972,"SEP",196.2
10,1972-10-01,1972,"OCT",214.5
11,1972-11-01,1972,"NOV",222.3
12,1972-12-01,1972,"DEC",111.5
1,1973-01-01,1973,"JAN",63.7
2,1973-02-01,1973,"FEB",76.4
3,1973-03-01,1973,"MAR",123.5
4,1973-04-01,1973,"APR",189.2
5,1973-05-01,1973,"MAY",260.7
6,1973-06-01,1973,"JUN",300
7,1973-07-01,1973,"JUL",361.5
8,1973-08-01,1973,"AUG",338.7
9,1973-09-01,1973,"SEP",307.1
10,1973-10-01,1973,"OCT",312.2
11,1973-11-01,1973,"NOV",261.5
12,1973-12-01,1973,"DEC",171.3
1,1974-01-01,1974,"JAN",125.3
2,1974-02-01,1974,"FEB",160.4
3,1974-03-01,1974,"MAR",171.9
4,1974-04-01,1974,"APR",222.9
5,1974-05-01,1974,"MAY",258.3
6,1974-06-01,1974,"JUN",271.1
7,1974-07-01,1974,"JUL",237
8,1974-08-01,1974,"AUG",235.4
9,1974-09-01,1974,"SEP",279.6
10,1974-10-01,1974,"OCT",254.5
11,1974-11-01,1974,"NOV",217.8
12,1974-12-01,1974,"DEC",106.4
1,1975-01-01,1975,"JAN",80.7
2,1975-02-01,1975,"FEB",131.6
3,1975-03-01,1975,"MAR",188.3
4,1975-04-01,1975,"APR",227.9
5,1975-05-01,1975,"MAY",316
6,1975-06-01,1975,"JUN",307.5
7,1975-07-01,1975,"JUL",390.7
8,1975-08-01,1975,"AUG",285
9,1975-09-01,1975,"SEP",223.6
10,1975-10-01,1975,"OCT",332
11,1975-11-01,1975,"NOV",219.9
12,1975-12-01,1975,"DEC",204.9
1,1976-01-01,1976,"JAN",106.8
2,1976-02-01,1976,"FEB",105.5
3,1976-03-01,1976,"MAR",202.4
4,1976-04-01,1976,"APR",250.9
5,1976-05-01,1976,"MAY",302.2
6,1976-06-01,1976,"JUN",265
7,1976-07-01,1976,"JUL",229.7
8,1976-08-01,1976,"AUG",179.8
9,1976-09-01,1976,"SEP",194.4
10,1976-10-01,1976,"OCT",289.8
11,1976-11-01,1976,"NOV",157.1
12,1976-12-01,1976,"DEC",124.1
1,1977-01-01,1977,"JAN",57.1
2,1977-02-01,1977,"FEB",70.9
3,1977-03-01,1977,"MAR",154.7
4,1977-04-01,1977,"APR",214.1
5,1977-05-01,1977,"MAY",245.4
6,1977-06-01,1977,"JUN",309.3
7,1977-07-01,1977,"JUL",248.3
8,1977-08-01,1977,"AUG",245.2
9,1977-09-01,1977,"SEP",256.1
10,1977-10-01,1977,"OCT",242
11,1977-11-01,1977,"NOV",193.5
12,1977-12-01,1977,"DEC",115.1
1,1978-01-01,1978,"JAN",71.5
2,1978-02-01,1978,"FEB",83.4
3,1978-03-01,1978,"MAR",176.2
4,1978-04-01,1978,"APR",308.3
5,1978-05-01,1978,"MAY",295.6
6,1978-06-01,1978,"JUN",274.3
7,1978-07-01,1978,"JUL",266.2
8,1978-08-01,1978,"AUG",210
9,1978-09-01,1978,"SEP",247.7
10,1978-10-01,1978,"OCT",227.1
11,1978-11-01,1978,"NOV",184.3
12,1978-12-01,1978,"DEC",153.8
1,1979-01-01,1979,"JAN",76.4
2,1979-02-01,1979,"FEB",70.1
3,1979-03-01,1979,"MAR",170.9
4,1979-04-01,1979,"APR",290.1
5,1979-05-01,1979,"MAY",291.1
6,1979-06-01,1979,"JUN",339.2
7,1979-07-01,1979,"JUL",253.5
8,1979-08-01,1979,"AUG",304.2
9,1979-09-01,1979,"SEP",248.1
10,1979-10-01,1979,"OCT",275
11,1979-11-01,1979,"NOV",240.5
12,1979-12-01,1979,"DEC",131.7
1,1980-01-01,1980,"JAN",106.9
2,1980-02-01,1980,"FEB",104.7
3,1980-03-01,1980,"MAR",119.1
4,1980-04-01,1980,"APR",204.7
5,1980-05-01,1980,"MAY",233.1
6,1980-06-01,1980,"JUN",310.3
7,1980-07-01,1980,"JUL",222.9
8,1980-08-01,1980,"AUG",210.5
9,1980-09-01,1980,"SEP",244.2
10,1980-10-01,1980,"OCT",235.3
11,1980-11-01,1980,"NOV",164.2
12,1980-12-01,1980,"DEC",137.1
1,1981-01-01,1981,"JAN",65.3
2,1981-02-01,1981,"FEB",152
3,1981-03-01,1981,"MAR",162.9
4,1981-04-01,1981,"APR",324.2
5,1981-05-01,1981,"MAY",441.2
6,1981-06-01,1981,"JUN",336.3
7,1981-07-01,1981,"JUL",233.1
8,1981-08-01,1981,"AUG",306.3
9,1981-09-01,1981,"SEP",242.2
10,1981-10-01,1981,"OCT",286.1
11,1981-11-01,1981,"NOV",214.9
12,1981-12-01,1981,"DEC",172.3
1,1982-01-01,1982,"JAN",141.2
2,1982-02-01,1982,"FEB",133.5
3,1982-03-01,1982,"MAR",178.2
4,1982-04-01,1982,"APR",346.9
5,1982-05-01,1982,"MAY",317.5
6,1982-06-01,1982,"JUN",233.8
7,1982-07-01,1982,"JUL",255.5
8,1982-08-01,1982,"AUG",180
9,1982-09-01,1982,"SEP",228.6
10,1982-10-01,1982,"OCT",257.4
11,1982-11-01,1982,"NOV",178.6
12,1982-12-01,1982,"DEC",134.9
1,1983-01-01,1983,"JAN",76.7
2,1983-02-01,1983,"FEB",107.4
3,1983-03-01,1983,"MAR",160.9
4,1983-04-01,1983,"APR",311.3
5,1983-05-01,1983,"MAY",285.2
6,1983-06-01,1983,"JUN",214.7
7,1983-07-01,1983,"JUL",243.7
8,1983-08-01,1983,"AUG",222.2
9,1983-09-01,1983,"SEP",184.7
10,1983-10-01,1983,"OCT",238.7
11,1983-11-01,1983,"NOV",148.7
12,1983-12-01,1983,"DEC",169.2
1,1984-01-01,1984,"JAN",160.3
2,1984-02-01,1984,"FEB",141.7
3,1984-03-01,1984,"MAR",129.1
4,1984-04-01,1984,"APR",244.3
5,1984-05-01,1984,"MAY",283.2
6,1984-06-01,1984,"JUN",315.1
7,1984-07-01,1984,"JUL",271
8,1984-08-01,1984,"AUG",319.5
9,1984-09-01,1984,"SEP",327.6
10,1984-10-01,1984,"OCT",249.8
11,1984-11-01,1984,"NOV",207.6
12,1984-12-01,1984,"DEC",129.8
1,1985-01-01,1985,"JAN",85.3
2,1985-02-01,1985,"FEB",55
3,1985-03-01,1985,"MAR",142.4
4,1985-04-01,1985,"APR",196.9
5,1985-05-01,1985,"MAY",268.2
6,1985-06-01,1985,"JUN",245.5
7,1985-07-01,1985,"JUL",256.9
8,1985-08-01,1985,"AUG",310.4
9,1985-09-01,1985,"SEP",267.9
10,1985-10-01,1985,"OCT",256.9
11,1985-11-01,1985,"NOV",201.1
12,1985-12-01,1985,"DEC",120.8
1,1986-01-01,1986,"JAN",108.9
2,1986-02-01,1986,"FEB",144.6
3,1986-03-01,1986,"MAR",150.3
4,1986-04-01,1986,"APR",223.3
5,1986-05-01,1986,"MAY",333.4
6,1986-06-01,1986,"JUN",305.2
7,1986-07-01,1986,"JUL",233
8,1986-08-01,1986,"AUG",210.9
9,1986-09-01,1986,"SEP",245.7
10,1986-10-01,1986,"OCT",343.9
11,1986-11-01,1986,"NOV",194.8
12,1986-12-01,1986,"DEC",85.3
1,1987-01-01,1987,"JAN",89.3
2,1987-02-01,1987,"FEB",77.8
3,1987-03-01,1987,"MAR",145.8
4,1987-04-01,1987,"APR",252.1
5,1987-05-01,1987,"MAY",317.8
6,1987-06-01,1987,"JUN",196.6
7,1987-07-01,1987,"JUL",293.2
8,1987-08-01,1987,"AUG",211.9
9,1987-09-01,1987,"SEP",265.3
10,1987-10-01,1987,"OCT",298.4
11,1987-11-01,1987,"NOV",186
12,1987-12-01,1987,"DEC",112.9
1,1988-01-01,1988,"JAN",84.4
2,1988-02-01,1988,"FEB",108.7
3,1988-03-01,1988,"MAR",93
4,1988-04-01,1988,"APR",219.1
5,1988-05-01,1988,"MAY",251.3
6,1988-06-01,1988,"JUN",323.8
7,1988-07-01,1988,"JUL",316.4
8,1988-08-01,1988,"AUG",339.3
9,1988-09-01,1988,"SEP",298
10,1988-10-01,1988,"OCT",275.7
11,1988-11-01,1988,"NOV",289.5
12,1988-12-01,1988,"DEC",160.6
1,1989-01-01,1989,"JAN",115.5
2,1989-02-01,1989,"FEB",111.3
3,1989-03-01,1989,"MAR",189.5
4,1989-04-01,1989,"APR",157.3
5,1989-05-01,1989,"MAY",276.1
6,1989-06-01,1989,"JUN",288.5
7,1989-07-01,1989,"JUL",240.7
8,1989-08-01,1989,"AUG",233.3
9,1989-09-01,1989,"SEP",254.5
10,1989-10-01,1989,"OCT",213.2
11,1989-11-01,1989,"NOV",174.1
12,1989-12-01,1989,"DEC",135
1,1990-01-01,1990,"JAN",103.7
2,1990-02-01,1990,"FEB",118.8
3,1990-03-01,1990,"MAR",158
4,1990-04-01,1990,"APR",244.5
5,1990-05-01,1990,"MAY",269.9
6,1990-06-01,1990,"JUN",235.7
7,1990-07-01,1990,"JUL",242.3
8,1990-08-01,1990,"AUG",194.3
9,1990-09-01,1990,"SEP",188
10,1990-10-01,1990,"OCT",298.2
11,1990-11-01,1990,"NOV",186.6
12,1990-12-01,1990,"DEC",164.2
1,1991-01-01,1991,"JAN",70.1
2,1991-02-01,1991,"FEB",74.1
3,1991-03-01,1991,"MAR",209.9
4,1991-04-01,1991,"APR",207.2
5,1991-05-01,1991,"MAY",241.5
6,1991-06-01,1991,"JUN",241.8
7,1991-07-01,1991,"JUL",273
8,1991-08-01,1991,"AUG",211.8
9,1991-09-01,1991,"SEP",211.4
10,1991-10-01,1991,"OCT",161
11,1991-11-01,1991,"NOV",181.9
12,1991-12-01,1991,"DEC",111.7
1,1992-01-01,1992,"JAN",65.4
2,1992-02-01,1992,"FEB",80.4
3,1992-03-01,1992,"MAR",103.4
4,1992-04-01,1992,"APR",202.4
5,1992-05-01,1992,"MAY",231.3
6,1992-06-01,1992,"JUN",218.5
7,1992-07-01,1992,"JUL",254.6
8,1992-08-01,1992,"AUG",219.6
9,1992-09-01,1992,"SEP",242.4
10,1992-10-01,1992,"OCT",148.3
11,1992-11-01,1992,"NOV",197.5
12,1992-12-01,1992,"DEC",135.3
1,1993-01-01,1993,"JAN",112
2,1993-02-01,1993,"FEB",111.4
3,1993-03-01,1993,"MAR",176.8
4,1993-04-01,1993,"APR",234.1
5,1993-05-01,1993,"MAY",201.4
6,1993-06-01,1993,"JUN",194.7
7,1993-07-01,1993,"JUL",189
8,1993-08-01,1993,"AUG",214.2
9,1993-09-01,1993,"SEP",281.8
10,1993-10-01,1993,"OCT",207.4
11,1993-11-01,1993,"NOV",265.6
12,1993-12-01,1993,"DEC",131.9
1,1994-01-01,1994,"JAN",116.3
2,1994-02-01,1994,"FEB",114.1
3,1994-03-01,1994,"MAR",187.3
4,1994-04-01,1994,"APR",231.5
5,1994-05-01,1994,"MAY",269.3
6,1994-06-01,1994,"JUN",230
7,1994-07-01,1994,"JUL",235.8
8,1994-08-01,1994,"AUG",211
9,1994-09-01,1994,"SEP",236.1
10,1994-10-01,1994,"OCT",252.4
11,1994-11-01,1994,"NOV",255.6
12,1994-12-01,1994,"DEC",101.8
1,1995-01-01,1995,"JAN",74.4
2,1995-02-01,1995,"FEB",73.2
3,1995-03-01,1995,"MAR",179
4,1995-04-01,1995,"APR",239.6
5,1995-05-01,1995,"MAY",279.9
6,1995-06-01,1995,"JUN",307.1
7,1995-07-01,1995,"JUL",325.7
8,1995-08-01,1995,"AUG",264.7
9,1995-09-01,1995,"SEP",237.7
10,1995-10-01,1995,"OCT",243.4
11,1995-11-01,1995,"NOV",199.4
12,1995-12-01,1995,"DEC",156.5
1,1996-01-01,1996,"JAN",102.8
2,1996-02-01,1996,"FEB",146.5
3,1996-03-01,1996,"MAR",194
4,1996-04-01,1996,"APR",198.1
5,1996-05-01,1996,"MAY",338.3
6,1996-06-01,1996,"JUN",322.8
7,1996-07-01,1996,"JUL",289.8
8,1996-08-01,1996,"AUG",255.2
9,1996-09-01,1996,"SEP",210.8
10,1996-10-01,1996,"OCT",259.6
11,1996-11-01,1996,"NOV",208.5
12,1996-12-01,1996,"DEC",131.5
1,1997-01-01,1997,"JAN",150.8
2,1997-02-01,1997,"FEB",126.7
3,1997-03-01,1997,"MAR",140.2
4,1997-04-01,1997,"APR",202.7
5,1997-05-01,1997,"MAY",228.4
6,1997-06-01,1997,"JUN",320.9
7,1997-07-01,1997,"JUL",225
8,1997-08-01,1997,"AUG",177.1
9,1997-09-01,1997,"SEP",181.6
10,1997-10-01,1997,"OCT",166.6
11,1997-11-01,1997,"NOV",188.6
12,1997-12-01,1997,"DEC",91.6
1,1998-01-01,1998,"JAN",54.4
2,1998-02-01,1998,"FEB",100.4
3,1998-03-01,1998,"MAR",160.3
4,1998-04-01,1998,"APR",234
5,1998-05-01,1998,"MAY",344.4
6,1998-06-01,1998,"JUN",308.2
7,1998-07-01,1998,"JUL",313.1
8,1998-08-01,1998,"AUG",247
9,1998-09-01,1998,"SEP",242.8
10,1998-10-01,1998,"OCT",236.4
11,1998-11-01,1998,"NOV",225.9
12,1998-12-01,1998,"DEC",175.3
1,1999-01-01,1999,"JAN",137.4
2,1999-02-01,1999,"FEB",181.1
3,1999-03-01,1999,"MAR",171.1
4,1999-04-01,1999,"APR",273.9
5,1999-05-01,1999,"MAY",266.3
6,1999-06-01,1999,"JUN",304.4
7,1999-07-01,1999,"JUL",237.1
8,1999-08-01,1999,"AUG",249.1
9,1999-09-01,1999,"SEP",373.3
10,1999-10-01,1999,"OCT",298.4
11,1999-11-01,1999,"NOV",211.7
12,1999-12-01,1999,"DEC",176.1
1,2000-01-01,2000,"JAN",102
2,2000-02-01,2000,"FEB",181.4
3,2000-03-01,2000,"MAR",206.5
4,2000-04-01,2000,"APR",190
5,2000-05-01,2000,"MAY",334.4
6,2000-06-01,2000,"JUN",281.3
7,2000-07-01,2000,"JUL",309.1
8,2000-08-01,2000,"AUG",242.9
9,2000-09-01,2000,"SEP",289.4
10,2000-10-01,2000,"OCT",208.4
11,2000-11-01,2000,"NOV",186.7
12,2000-12-01,2000,"DEC",145
1,2001-01-01,2001,"JAN",101.4
2,2001-02-01,2001,"FEB",79
3,2001-03-01,2001,"MAR",169.7
4,2001-04-01,2001,"APR",164.3
5,2001-05-01,2001,"MAY",286.3
6,2001-06-01,2001,"JUN",273.3
7,2001-07-01,2001,"JUL",255.1
8,2001-08-01,2001,"AUG",199.3
9,2001-09-01,2001,"SEP",225
10,2001-10-01,2001,"OCT",208.7
11,2001-11-01,2001,"NOV",217.7
12,2001-12-01,2001,"DEC",176
1,2002-01-01,2002,"JAN",71.2
2,2002-02-01,2002,"FEB",78.8
3,2002-03-01,2002,"MAR",205.5
4,2002-04-01,2002,"APR",297.2
5,2002-05-01,2002,"MAY",347.1
6,2002-06-01,2002,"JUN",340.6
7,2002-07-01,2002,"JUL",306.4
8,2002-08-01,2002,"AUG",213.9
9,2002-09-01,2002,"SEP",228.4
10,2002-10-01,2002,"OCT",227.1
11,2002-11-01,2002,"NOV",188.8
12,2002-12-01,2002,"DEC",158.9
1,2003-01-01,2003,"JAN",61.5
2,2003-02-01,2003,"FEB",100.9
3,2003-03-01,2003,"MAR",159.9
4,2003-04-01,2003,"APR",257.1
5,2003-05-01,2003,"MAY",249.8
6,2003-06-01,2003,"JUN",350.6
7,2003-07-01,2003,"JUL",246.4
8,2003-08-01,2003,"AUG",226
9,2003-09-01,2003,"SEP",244.8
10,2003-10-01,2003,"OCT",269.8
11,2003-11-01,2003,"NOV",277.5
12,2003-12-01,2003,"DEC",158.4
1,2004-01-01,2004,"JAN",95.2
2,2004-02-01,2004,"FEB",110.8
3,2004-03-01,2004,"MAR",128.8
4,2004-04-01,2004,"APR",272.5
5,2004-05-01,2004,"MAY",325.8
6,2004-06-01,2004,"JUN",227.9
7,2004-07-01,2004,"JUL",276.6
8,2004-08-01,2004,"AUG",237.2
9,2004-09-01,2004,"SEP",259
10,2004-10-01,2004,"OCT",256.4
11,2004-11-01,2004,"NOV",250.1
12,2004-12-01,2004,"DEC",135.1
1,2005-01-01,2005,"JAN",102.6
2,2005-02-01,2005,"FEB",136.4
3,2005-03-01,2005,"MAR",163.4
4,2005-04-01,2005,"APR",229.5
5,2005-05-01,2005,"MAY",348.7
6,2005-06-01,2005,"JUN",272.1
7,2005-07-01,2005,"JUL",230.5
8,2005-08-01,2005,"AUG",270.7
9,2005-09-01,2005,"SEP",210.6
10,2005-10-01,2005,"OCT",285.6
11,2005-11-01,2005,"NOV",235.6
12,2005-12-01,2005,"DEC",171.4
1,2006-01-01,2006,"JAN",158.3
2,2006-02-01,2006,"FEB",98.3
3,2006-03-01,2006,"MAR",233.5
4,2006-04-01,2006,"APR",249.2
5,2006-05-01,2006,"MAY",330.8
6,2006-06-01,2006,"JUN",325.6
7,2006-07-01,2006,"JUL",262.7
8,2006-08-01,2006,"AUG",207.9
9,2006-09-01,2006,"SEP",184.2
10,2006-10-01,2006,"OCT",263.8
11,2006-11-01,2006,"NOV",205.5
12,2006-12-01,2006,"DEC",156.5
1,2007-01-01,2007,"JAN",94
2,2007-02-01,2007,"FEB",59.5
3,2007-03-01,2007,"MAR",188.3
4,2007-04-01,2007,"APR",292
5,2007-05-01,2007,"MAY",317.1
6,2007-06-01,2007,"JUN",284.1
7,2007-07-01,2007,"JUL",272.5
8,2007-08-01,2007,"AUG",320.9
9,2007-09-01,2007,"SEP",227.3
10,2007-10-01,2007,"OCT",312.7
11,2007-11-01,2007,"NOV",212.2
12,2007-12-01,2007,"DEC",181
1,2008-01-01,2008,"JAN",104
2,2008-02-01,2008,"FEB",134.5
3,2008-03-01,2008,"MAR",168.9
4,2008-04-01,2008,"APR",244.9
5,2008-05-01,2008,"MAY",385.9
6,2008-06-01,2008,"JUN",325.8
7,2008-07-01,2008,"JUL",360.7
8,2008-08-01,2008,"AUG",321.9
9,2008-09-01,2008,"SEP",235
10,2008-10-01,2008,"OCT",245.5
11,2008-11-01,2008,"NOV",279.4
12,2008-12-01,2008,"DEC",158.1
1,2009-01-01,2009,"JAN",136
2,2009-02-01,2009,"FEB",117.6
3,2009-03-01,2009,"MAR",226.9
4,2009-04-01,2009,"APR",196.9
5,2009-05-01,2009,"MAY",237.5
6,2009-06-01,2009,"JUN",295.9
7,2009-07-01,2009,"JUL",227
8,2009-08-01,2009,"AUG",254.1
9,2009-09-01,2009,"SEP",171.7
10,2009-10-01,2009,"OCT",233.6
11,2009-11-01,2009,"NOV",155.5
12,2009-12-01,2009,"DEC",124
1,2010-01-01,2010,"JAN",53.4
2,2010-02-01,2010,"FEB",84.8
3,2010-03-01,2010,"MAR",156.6
4,2010-04-01,2010,"APR",291.5
5,2010-05-01,2010,"MAY",321.6
6,2010-06-01,2010,"JUN",345.5
7,2010-07-01,2010,"JUL",348.4
8,2010-08-01,2010,"AUG",240.5
9,2010-09-01,2010,"SEP",290.9
10,2010-10-01,2010,"OCT",244.7
11,2010-11-01,2010,"NOV",311.3
12,2010-12-01,2010,"DEC",227
1,2011-01-01,2011,"JAN",97.9
2,2011-02-01,2011,"FEB",154.4
3,2011-03-01,2011,"MAR",188.3
4,2011-04-01,2011,"APR",316.9
5,2011-05-01,2011,"MAY",376.8
6,2011-06-01,2011,"JUN",341.2
7,2011-07-01,2011,"JUL",317
8,2011-08-01,2011,"AUG",216.5
9,2011-09-01,2011,"SEP",262.7
10,2011-10-01,2011,"OCT",277.7
11,2011-11-01,2011,"NOV",286.1
12,2011-12-01,2011,"DEC",240.8
1,2012-01-01,2012,"JAN",120.3
2,2012-02-01,2012,"FEB",122.1
3,2012-03-01,2012,"MAR",185.6
4,2012-04-01,2012,"APR",279.8
5,2012-05-01,2012,"MAY",269.5
6,2012-06-01,2012,"JUN",225
7,2012-07-01,2012,"JUL",222.4
8,2012-08-01,2012,"AUG",210.7
9,2012-09-01,2012,"SEP",179.6
10,2012-10-01,2012,"OCT",256.3
11,2012-11-01,2012,"NOV",183.1
12,2012-12-01,2012,"DEC",127.3
1,2013-01-01,2013,"JAN",68.2
2,2013-02-01,2013,"FEB",164
3,2013-03-01,2013,"MAR",153.2
4,2013-04-01,2013,"APR",204.8
5,2013-05-01,2013,"MAY",343.8
6,2013-06-01,2013,"JUN",215.9
7,2013-07-01,2013,"JUL",192.3
8,2013-08-01,2013,"AUG",277.1
9,2013-09-01,2013,"SEP",229
10,2013-10-01,2013,"OCT",202.8
11,2013-11-01,2013,"NOV",204.4
12,2013-12-01,2013,"DEC",142.2
1,2014-01-01,2014,"JAN",96.9
2,2014-02-01,2014,"FEB",118.4
3,2014-03-01,2014,"MAR",147.8
4,2014-04-01,2014,"APR",206.9
5,2014-05-01,2014,"MAY",273.9
6,2014-06-01,2014,"JUN",248.3
7,2014-07-01,2014,"JUL",202.8
8,2014-08-01,2014,"AUG",205.3
9,2014-09-01,2014,"SEP",206.9
10,2014-10-01,2014,"OCT",247.1
11,2014-11-01,2014,"NOV",206.1
12,2014-12-01,2014,"DEC",159
1,2015-01-01,2015,"JAN",98.3
2,2015-02-01,2015,"FEB",103
3,2015-03-01,2015,"MAR",186.9
4,2015-04-01,2015,"APR",201.3
5,2015-05-01,2015,"MAY",199.7
6,2015-06-01,2015,"JUN",247.3
7,2015-07-01,2015,"JUL",222.7
8,2015-08-01,2015,"AUG",178.7
9,2015-09-01,2015,"SEP",164.7
10,2015-10-01,2015,"OCT",168.2
11,2015-11-01,2015,"NOV",181.4
12,2015-12-01,2015,"DEC",84
1,2016-01-01,2016,"JAN",58.5
2,2016-02-01,2016,"FEB",70.9
3,2016-03-01,2016,"MAR",154.3
4,2016-04-01,2016,"APR",248.4
5,2016-05-01,2016,"MAY",250.7
6,2016-06-01,2016,"JUN",214.8
7,2016-07-01,2016,"JUL",256.6
8,2016-08-01,2016,"AUG",227.9
9,2016-09-01,2016,"SEP",239
10,2016-10-01,2016,"OCT",239.1
11,2016-11-01,2016,"NOV",221.7
12,2016-12-01,2016,"DEC",181.5
1,2017-01-01,2017,"JAN",113.8
2,2017-02-01,2017,"FEB",128.3
3,2017-03-01,2017,"MAR",198.8
4,2017-04-01,2017,"APR",247.3
5,2017-05-01,2017,"MAY",378.6
6,2017-06-01,2017,"JUN",289.2
7,2017-07-01,2017,"JUL",210.3
8,2017-08-01,2017,"AUG",265.9
9,2017-09-01,2017,"SEP",206
10,2017-10-01,2017,"OCT",239.9
11,2017-11-01,2017,"NOV",199.1
12,2017-12-01,2017,"DEC",122.2
1,2018-01-01,2018,"JAN",121
2,2018-02-01,2018,"FEB",81.1
3,2018-03-01,2018,"MAR",138.8
4,2018-04-01,2018,"APR",238.7
5,2018-05-01,2018,"MAY",331.5
6,2018-06-01,2018,"JUN",294.7
7,2018-07-01,2018,"JUL",256
8,2018-08-01,2018,"AUG",219.7
9,2018-09-01,2018,"SEP",244.4
10,2018-10-01,2018,"OCT",256.4
11,2018-11-01,2018,"NOV",197
12,2018-12-01,2018,"DEC",89.2
1,2019-01-01,2019,"JAN",89.8
2,2019-02-01,2019,"FEB",88.9
3,2019-03-01,2019,"MAR",162.6
4,2019-04-01,2019,"APR",226.5
5,2019-05-01,2019,"MAY",319.5
6,2019-06-01,2019,"JUN",257.3
7,2019-07-01,2019,"JUL",216.2
8,2019-08-01,2019,"AUG",189.2
9,2019-09-01,2019,"SEP",254.9
10,2019-10-01,2019,"OCT",238.4
11,2019-11-01,2019,"NOV",199.5
12,2019-12-01,2019,"DEC",128.1
1,2020-01-01,2020,"JAN",79.1
2,2020-02-01,2020,"FEB",101.2
3,2020-03-01,2020,"MAR",129.9
4,2020-04-01,2020,"APR",185
5,2020-05-01,2020,"MAY",245.2
6,2020-06-01,2020,"JUN",296.8
7,2020-07-01,2020,"JUL",351.8
8,2020-08-01,2020,"AUG",257.1
9,2020-09-01,2020,"SEP",249.1
10,2020-10-01,2020,"OCT",177.4
11,2020-11-01,2020,"NOV",217.5
12,2020-12-01,2020,"DEC",156.4
1,2021-01-01,2021,"JAN",110.1
2,2021-02-01,2021,"FEB",116.2
3,2021-03-01,2021,"MAR",213.1
4,2021-04-01,2021,"APR",241.9
5,2021-05-01,2021,"MAY",283.6
6,2021-06-01,2021,"JUN",314.9
7,2021-07-01,2021,"JUL",258.5
8,2021-08-01,2021,"AUG",294.4
9,2021-09-01,2021,"SEP",215.5
10,2021-10-01,2021,"OCT",247.5
11,2021-11-01,2021,"NOV",212.8
12,2021-12-01,2021,"DEC",112.1
1,2022-01-01,2022,"JAN",85.5
2,2022-02-01,2022,"FEB",151.2
3,2022-03-01,2022,"MAR",188.1
4,2022-04-01,2022,"APR",257.3
5,2022-05-01,2022,"MAY",277
6,2022-06-01,2022,"JUN",393.1
7,2022-07-01,2022,"JUL",303.4
8,2022-08-01,2022,"AUG",232.4
9,2022-09-01,2022,"SEP",266.6
10,2022-10-01,2022,"OCT",272.1
11,2022-11-01,2022,"NOV",269.5
12,2022-12-01,2022,"DEC",117.2
1,2023-01-01,2023,"JAN",158.3
2,2023-02-01,2023,"FEB",84.6
3,2023-03-01,2023,"MAR",183.4
4,2023-04-01,2023,"APR",253.6
5,2023-05-01,2023,"MAY",270.2
6,2023-06-01,2023,"JUN",243
7,2023-07-01,2023,"JUL",273.6
8,2023-08-01,2023,"AUG",225
9,2023-09-01,2023,"SEP",181.8
10,2023-10-01,2023,"OCT",250.7
11,2023-11-01,2023,"NOV",165.9
12,2023-12-01,2023,"DEC",136.7
1,2024-01-01,2024,"JAN",62.3
2,2024-02-01,2024,"FEB",128.4
3,2024-03-01,2024,"MAR",128.4
4,2024-04-01,2024,"APR",237.7
5,2024-05-01,2024,"MAY",330
6,2024-06-01,2024,"JUN",375.2
7,2024-07-01,2024,"JUL",259.9
8,2024-08-01,2024,"AUG",207
9,2024-09-01,2024,"SEP",173.6
10,2024-10-01,2024,"OCT",215.6
11,2024-11-01,2024,"NOV",229.6
12,2024-12-01,2024,"DEC",172.5
